{"cameraMode":{"drawMode":0,"name":"Shaded","section":"Shading Mode"},"sceneLighting":true,"audioPlay":false,"sceneViewState":{"showFog":true,"showMaterialUpdate":false,"showSkybox":true,"showFlares":true,"showImageEffects":true,"showParticleSystems":true},"in2DMode":false,"pivot":{"x":4.9114179611206059,"y":2.6933908462524416,"z":0.7065873146057129},"rotation":{"x":0.40450388193130495,"y":-0.38860639929771426,"z":0.19539766013622285,"w":0.8044764995574951},"size":19.7413330078125,"orthographic":false}