{"cameraMode":{"drawMode":0,"name":"Shaded","section":"Shading Mode"},"sceneLighting":true,"audioPlay":false,"sceneViewState":{"showFog":true,"showMaterialUpdate":false,"showSkybox":true,"showFlares":true,"showImageEffects":true,"showParticleSystems":true},"in2DMode":false,"pivot":{"x":1.8076777458190919,"y":4.24483060836792,"z":-0.9115941524505615},"rotation":{"x":0.11756103485822678,"y":-0.5231310129165649,"z":0.07313258945941925,"w":0.8409319519996643},"size":10.896458625793457,"orthographic":false}